キーワード,固有名詞,出現数
技術書典,A,2
技術書典,account,1
技術書典,AKIBA,1
技術書典,All,1
技術書典,an,1
技術書典,and,1
技術書典,Android,4
技術書典,Apps,1
技術書典,are,1
技術書典,atsushieno,1
技術書典,AZ,2
技術書典,Base,1
技術書典,blog,2
技術書典,bluebird,1
技術書典,book,2
技術書典,BookLive,1
技術書典,BOOTH,3
技術書典,by,2
技術書典,CAS,1
技術書典,Chrome,1
技術書典,Club,2
技術書典,Colorful,2
技術書典,com,2
技術書典,Computer,2
技術書典,connpass,1
技術書典,Contribute,1
技術書典,conversation,1
技術書典,creating,1
技術書典,Creilly,5
技術書典,CSS,2
技術書典,Custom,1
技術書典,development,1
技術書典,diary,2
技術書典,dlshogi,1
技術書典,echBooster,1
技術書典,ECMAScript,1
技術書典,entry,1
技術書典,ESP,1
技術書典,Essential,2
技術書典,fieldnotes,1
技術書典,FLIP,1
技術書典,FLOP,1
技術書典,FPGA,1
技術書典,futoase,1
技術書典,Garbage,1
技術書典,GHCJS,1
技術書典,GitBook,1
技術書典,GitHub,2
技術書典,Google,2
技術書典,Grimoire,3
技術書典,Haskell,1
技術書典,http,1
技術書典,https,5
技術書典,I,1
技術書典,Information,1
技術書典,io,1
技術書典,iOS,1
技術書典,is,1
技術書典,IT,7
技術書典,JavaScript,4
技術書典,join,1
技術書典,Kohei,2
技術書典,Konozama,1
技術書典,kubosho,1
技術書典,latest,2
技術書典,Linux,1
技術書典,LiquidHaskell,2
技術書典,LIVESENSE,1
技術書典,m,1
技術書典,MagicaVoxel,1
技術書典,Marmalade,1
技術書典,me,1
技術書典,Medium,1
技術書典,MEET,1
技術書典,meetup,2
技術書典,MicroPython,1
技術書典,Modern,2
技術書典,mohi,1
技術書典,mruby,1
技術書典,mypage,1
技術書典,mzsm,1
技術書典,Nakano,2
技術書典,NAVER,1
技術書典,Network,1
技術書典,NextPublishing,2
技術書典,Niimi,2
技術書典,note,1
技術書典,O,5
技術書典,on,2
技術書典,org,9
技術書典,outsider,1
技術書典,PDF,3
技術書典,pentapod,1
技術書典,people,1
技術書典,pm,1
技術書典,point,1
技術書典,Policy,1
技術書典,Project,4
技術書典,Pub,3
技術書典,Publication,1
技術書典,published,1
技術書典,purintai,1
技術書典,Qiita,1
技術書典,QR,1
技術書典,React,1
技術書典,Read,1
技術書典,redo,1
技術書典,reflex,1
技術書典,Reset,2
技術書典,Resolution,1
技術書典,ry,1
技術書典,s,5
技術書典,Sales,1
技術書典,saying,1
技術書典,Script,1
技術書典,Search,1
技術書典,SQUARE,1
技術書典,SunPro,2
技術書典,Super,1
技術書典,syocy,1
技術書典,Tabs,1
技術書典,TadaoYamaoka,1
技術書典,team,1
技術書典,Tech,7
技術書典,techbookfest,10
技術書典,TechBooster,9
技術書典,The,2
技術書典,Think,1
技術書典,Tips,1
技術書典,TLS,1
技術書典,to,1
技術書典,Togetter,1
技術書典,TOKYO,1
技術書典,topics,1
技術書典,Tweets,1
技術書典,Twitter,1
技術書典,uchan,1
技術書典,UDX,3
技術書典,UP,1
技術書典,vol,1
技術書典,VR,1
技術書典,vvakame,1
技術書典,WANTEDLY,2
技術書典,Web,5
技術書典,WebGL,1
技術書典,WebKit,1
技術書典,WebRTC,2
技術書典,Weird,1
技術書典,what,1
技術書典,Windows,1
技術書典,Wired,1
技術書典,World,1
技術書典,Xamarin,6
技術書典,XSL,1
技術書典,Your,1
技術書典,yutopp,1
技術書典,zpn,2
技術書典,アスキー,1
技術書典,アツイホン,2
技術書典,コミケ,1
技術書典,システムプログラミングハンドブック,1
技術書典,スマート,1
技術書典,チートシート・チートシート,3
技術書典,はる,1
技術書典,ブログ,1
技術書典,レッツ,1
技術書典,ロボスタ,1
技術書典,角川,1
技術書典,寛,1
技術書典,高橋,1
技術書典,秋葉原,14
技術書典,西田,1
技術書典,千代田,1
技術書典,太田,1
技術書典,智美,1
技術書典,堤下,1
技術書典,田淵,1
技術書典,東京,4
技術書典,日高,1
技術書典,日前,6
技術書典,日本,2
技術書典,輔,1
技術書典,本郷,1
技術書典,幕張メッセ,1
